{
    "TinyViT_DeiT": {
        "model_name": "TinyViT_DeiT",
        "top1_accuracy": 29.13478516774573,
        "top5_accuracy": 100.0,
        "num_classes": 4,
        "precision_per_class": [
            0.38820534577853205,
            0.5151515151515151,
            0.02621231979030144,
            0.15510204081632653
        ],
        "recall_per_class": [
            0.9491701244813278,
            0.019653179190751446,
            0.021668472372697724,
            0.058823529411764705
        ],
        "f1_per_class": [
            0.5510388437217706,
            0.03786191536748329,
            0.02372479240806643,
            0.08529741863075196
        ],
        "confusion_matrix": [
            [
                915,
                12,
                30,
                7
            ],
            [
                230,
                17,
                441,
                177
            ],
            [
                877,
                3,
                20,
                23
            ],
            [
                335,
                1,
                272,
                38
            ]
        ]
    },
    "TinyViT_ConvNeXt": {
        "model_name": "TinyViT_ConvNeXt",
        "top1_accuracy": 93.20188346085932,
        "top5_accuracy": 100.0,
        "num_classes": 4,
        "precision_per_class": [
            0.9130434782608695,
            0.8878612716763006,
            0.9479277364505845,
            0.9953775038520801
        ],
        "recall_per_class": [
            0.8931535269709544,
            0.8878612716763006,
            0.9664138678223185,
            1.0
        ],
        "f1_per_class": [
            0.9029889879391715,
            0.8878612716763006,
            0.9570815450643777,
            0.9976833976833978
        ],
        "confusion_matrix": [
            [
                861,
                79,
                23,
                1
            ],
            [
                69,
                768,
                26,
                2
            ],
            [
                13,
                18,
                892,
                0
            ],
            [
                0,
                0,
                0,
                646
            ]
        ]
    },
    "TinyViT_DeiT_with_Inception": {
        "model_name": "TinyViT_DeiT_with_Inception",
        "top1_accuracy": 98.49911712772219,
        "top5_accuracy": 100.0,
        "num_classes": 4,
        "precision_per_class": [
            0.9813278008298755,
            0.982373678025852,
            0.9818376068376068,
            0.9984544049459042
        ],
        "recall_per_class": [
            0.9813278008298755,
            0.9664739884393063,
            0.9956663055254604,
            1.0
        ],
        "f1_per_class": [
            0.9813278008298755,
            0.9743589743589742,
            0.9887036040882194,
            0.9992266047950503
        ],
        "confusion_matrix": [
            [
                946,
                12,
                6,
                0
            ],
            [
                17,
                836,
                11,
                1
            ],
            [
                1,
                3,
                919,
                0
            ],
            [
                0,
                0,
                0,
                646
            ]
        ]
    },
    "TinyViT_DeiT_with_ModifiedInception": {
        "model_name": "TinyViT_DeiT_with_ModifiedInception",
        "top1_accuracy": 96.55679811653914,
        "top5_accuracy": 100.0,
        "num_classes": 4,
        "precision_per_class": [
            0.9375,
            0.9590854392298436,
            0.978448275862069,
            0.9984544049459042
        ],
        "recall_per_class": [
            0.9647302904564315,
            0.9213872832369943,
            0.9837486457204767,
            1.0
        ],
        "f1_per_class": [
            0.950920245398773,
            0.9398584905660378,
            0.9810913019989196,
            0.9992266047950503
        ],
        "confusion_matrix": [
            [
                930,
                25,
                9,
                0
            ],
            [
                57,
                797,
                11,
                0
            ],
            [
                5,
                9,
                908,
                1
            ],
            [
                0,
                0,
                0,
                646
            ]
        ]
    },
    "ResNet50": {
        "model_name": "ResNet50",
        "top1_accuracy": 97.20423778693349,
        "top5_accuracy": 100.0,
        "num_classes": 4,
        "precision_per_class": [
            0.9592901878914405,
            0.9451428571428572,
            0.9912948857453754,
            1.0
        ],
        "recall_per_class": [
            0.9533195020746889,
            0.9560693641618497,
            0.9869989165763814,
            1.0
        ],
        "f1_per_class": [
            0.9562955254942768,
            0.9505747126436781,
            0.98914223669924,
            1.0
        ],
        "confusion_matrix": [
            [
                919,
                40,
                5,
                0
            ],
            [
                35,
                827,
                3,
                0
            ],
            [
                4,
                8,
                911,
                0
            ],
            [
                0,
                0,
                0,
                646
            ]
        ]
    },
    "DenseNet121": {
        "model_name": "DenseNet121",
        "top1_accuracy": 99.47027663331372,
        "top5_accuracy": 100.0,
        "num_classes": 4,
        "precision_per_class": [
            0.9896587383660806,
            0.9918981481481481,
            1.0,
            0.9984544049459042
        ],
        "recall_per_class": [
            0.9927385892116183,
            0.9907514450867052,
            0.9967497291440953,
            1.0
        ],
        "f1_per_class": [
            0.9911962713619886,
            0.9913244650086755,
            0.9983722192078134,
            0.9992266047950503
        ],
        "confusion_matrix": [
            [
                957,
                7,
                0,
                0
            ],
            [
                8,
                857,
                0,
                0
            ],
            [
                2,
                0,
                920,
                1
            ],
            [
                0,
                0,
                0,
                646
            ]
        ]
    },
    "EfficientNet-B0": {
        "model_name": "EfficientNet-B0",
        "top1_accuracy": 99.67628016480282,
        "top5_accuracy": 100.0,
        "num_classes": 4,
        "precision_per_class": [
            0.9968717413972888,
            0.9953810623556582,
            0.9956850053937433,
            1.0
        ],
        "recall_per_class": [
            0.991701244813278,
            0.9965317919075144,
            1.0,
            1.0
        ],
        "f1_per_class": [
            0.9942797711908475,
            0.9959560947429231,
            0.9978378378378379,
            1.0
        ],
        "confusion_matrix": [
            [
                956,
                4,
                4,
                0
            ],
            [
                3,
                862,
                0,
                0
            ],
            [
                0,
                0,
                923,
                0
            ],
            [
                0,
                0,
                0,
                646
            ]
        ]
    },
    "VGG16": {
        "model_name": "VGG16",
        "top1_accuracy": 99.32313125367862,
        "top5_accuracy": 100.0,